time_s,nmc_21700_5ah,lfp_prismatic_100ah,nmc_pouch_power
0.0000,-3.3602,-69.2831,-5.5426
1.0000,-4.0737,-83.9947,-6.7196
2.0000,-3.6104,-74.4411,-5.9553
3.0000,-3.4277,-70.6748,-5.6540
4.0000,-3.7062,-76.4159,-6.1133
5.0000,-3.3891,-69.8782,-5.5903
6.0000,-3.6617,-75.4989,-6.0399
7.0000,-3.3948,-69.9956,-5.5997
8.0000,-3.1142,-64.2111,-5.1369
9.0000,-3.8833,-80.0675,-6.4054
10.0000,-3.5636,-73.4765,-5.8781
11.0000,-3.8060,-78.4748,-6.2780
12.0000,-3.5912,-74.0455,-5.9236
13.0000,-4.0693,-83.9040,-6.7123
14.0000,-3.8482,-79.3448,-6.3476
15.0000,-3.7089,-76.4715,-6.1177
16.0000,-3.3106,-68.2593,-5.4607
17.0000,-3.2209,-66.4108,-5.3129
18.0000,-4.1189,-84.9265,-6.7941
19.0000,-3.9266,-80.9598,-6.4768
20.0000,-3.4022,-70.1482,-5.6119
21.0000,-4.3622,-89.9431,-7.1955
22.0000,-3.8060,-78.4738,-6.2779
23.0000,-3.6729,-75.7297,-6.0584
24.0000,-3.1803,-65.5724,-5.2458
25.0000,-3.3867,-69.8295,-5.5864
26.0000,-3.7565,-77.4541,-6.1963
27.0000,-3.7716,-77.7643,-6.2211
28.0000,-3.7285,-76.8765,-6.1501
29.0000,-3.0833,-63.5735,-5.0859
30.0000,-3.7932,-78.2102,-6.2568
31.0000,-3.7480,-77.2776,-6.1822
32.0000,-3.5092,-72.3556,-5.7884
33.0000,-3.6814,-75.9058,-6.0725
34.0000,-3.7093,-76.4796,-6.1184
35.0000,-4.0427,-83.3555,-6.6684
36.0000,-3.6417,-75.0864,-6.0069
37.0000,-3.7989,-78.3269,-6.2661
38.0000,-3.2133,-66.2540,-5.3003
39.0000,-3.3999,-70.1018,-5.6081
40.0000,-3.6463,-75.1811,-6.0145
41.0000,-3.3944,-69.9871,-5.5990
42.0000,-3.7611,-77.5490,-6.2039
43.0000,-3.2548,-67.1091,-5.3687
44.0000,-3.6395,-75.0405,-6.0032
45.0000,-3.4253,-70.6246,-5.6500
46.0000,-4.1071,-84.6817,-6.7745
47.0000,-3.5114,-72.3999,-5.7920
48.0000,-4.2516,-87.6615,-7.0129
49.0000,-4.3779,-90.2650,-7.2212
50.0000,-3.7483,-77.2836,-6.1827
51.0000,-3.9648,-81.7495,-6.5400
52.0000,-3.5778,-73.7696,-5.9016
53.0000,-2.8210,-58.1643,-4.6531
54.0000,-3.9400,-81.2379,-6.4990
55.0000,-3.8645,-79.6796,-6.3744
56.0000,-3.5628,-73.4595,-5.8768
57.0000,-3.4582,-71.3024,-5.7042
58.0000,-3.7017,-76.3230,-6.1058
59.0000,-3.7124,-76.5445,-6.1236
60.0000,-3.3820,-69.7315,-5.5785
61.0000,-3.4484,-71.1007,-5.6881
62.0000,-4.0135,-82.7526,-6.6202
63.0000,-3.6663,-75.5939,-6.0475
64.0000,-3.6247,-74.7353,-5.9788
65.0000,-4.0211,-82.9086,-6.6327
66.0000,-3.5430,-73.0512,-5.8441
67.0000,-3.9496,-81.4347,-6.5148
68.0000,-3.2839,-67.7095,-5.4168
69.0000,-3.5674,-73.5544,-5.8844
70.0000,-3.6050,-74.3302,-5.9464
71.0000,-3.8525,-79.4327,-6.3546
72.0000,-3.6806,-75.8896,-6.0712
73.0000,-4.3642,-89.9831,-7.1986
74.0000,-4.0490,-83.4856,-6.6788
75.0000,-3.5055,-72.2787,-5.7823
76.0000,-4.4118,-90.9643,-7.2771
77.0000,-3.3295,-68.6504,-5.4920
78.0000,-4.2726,-88.0957,-7.0477
79.0000,-3.3622,-69.3245,-5.5460
80.0000,-3.9450,-81.3412,-6.5073
81.0000,-3.3541,-69.1576,-5.5326
82.0000,-3.5899,-74.0179,-5.9214
83.0000,-4.1965,-86.5263,-6.9221
84.0000,-3.1831,-65.6314,-5.2505
85.0000,-3.1131,-64.1872,-5.1350
86.0000,-3.6614,-75.4935,-6.0395
87.0000,-3.7371,-77.0544,-6.1643
88.0000,-3.6957,-76.1990,-6.0959
89.0000,-3.9922,-82.3136,-6.5851
90.0000,-3.2379,-66.7606,-5.3408
91.0000,-3.8350,-79.0717,-6.3257
92.0000,-3.6561,-75.3839,-6.0307
93.0000,-3.9261,-80.9497,-6.4760
94.0000,-3.8652,-79.6955,-6.3756
95.0000,-4.1023,-84.5829,-6.7666
96.0000,-3.1802,-65.5720,-5.2458
97.0000,-3.6935,-76.1557,-6.0925
98.0000,-3.2861,-67.7556,-5.4204
99.0000,-3.6327,-74.9001,-5.9920
100.0000,-3.8901,-80.2080,-6.4166
101.0000,-3.7563,-77.4501,-6.1960
102.0000,-3.8413,-79.2017,-6.3361
103.0000,-3.6346,-74.9403,-5.9952
104.0000,-3.7740,-77.8145,-6.2252
105.0000,-3.7466,-77.2494,-6.1800
106.0000,-4.1390,-85.3393,-6.8271
107.0000,-3.9310,-81.0513,-6.4841
108.0000,-3.0358,-62.5946,-5.0076
109.0000,-3.8817,-80.0342,-6.4027
110.0000,-4.0209,-82.9057,-6.6325
111.0000,-3.5148,-72.4701,-5.7976
112.0000,-3.1256,-64.4455,-5.1556
113.0000,-4.1664,-85.9052,-6.8724
114.0000,-3.7133,-76.5639,-6.1251
115.0000,-3.8674,-79.7404,-6.3792
116.0000,-4.2781,-88.2076,-7.0566
117.0000,-3.3702,-69.4880,-5.5590
118.0000,-3.6460,-75.1758,-6.0141
119.0000,-3.6115,-74.4642,-5.9571
120.0000,-3.9112,-80.6423,-6.4514
121.0000,-3.4721,-71.5891,-5.7271
122.0000,-3.8337,-79.0447,-6.3236
123.0000,-3.6895,-76.0718,-6.0857
124.0000,-4.0406,-83.3120,-6.6650
125.0000,-4.0799,-84.1208,-6.7297
126.0000,-3.1517,-64.9835,-5.1987
127.0000,-3.8220,-78.8033,-6.3043
128.0000,-3.5314,-72.8124,-5.8250
129.0000,-3.6498,-75.2534,-6.0203
130.0000,-3.7980,-78.3086,-6.2647
131.0000,-3.8223,-78.8097,-6.3048
132.0000,-3.4083,-70.2744,-5.6220
133.0000,-3.7473,-77.2640,-6.1811
134.0000,-3.6926,-76.1358,-6.0909
135.0000,-3.6294,-74.8333,-5.9867
136.0000,-3.2095,-66.1762,-5.2941
137.0000,-3.3900,-69.8962,-5.5917
138.0000,-3.4983,-72.1305,-5.7704
139.0000,-3.8425,-79.2268,-6.3381
140.0000,-4.1402,-85.3648,-6.8292
141.0000,-3.2921,-67.8785,-5.4303
142.0000,-3.2860,-67.7516,-5.4201
143.0000,-3.6887,-76.0553,-6.0844
144.0000,-3.4404,-70.9359,-5.6749
145.0000,-3.3533,-69.1392,-5.5311
146.0000,-3.3352,-68.7661,-5.5013
147.0000,-3.3023,-68.0896,-5.4472
148.0000,-3.8032,-78.4171,-6.2734
149.0000,7.8261,161.3623,12.9090
150.0000,6.8216,140.6506,11.2520
151.0000,7.5885,156.4629,12.5170
152.0000,7.4547,153.7045,12.2964
153.0000,7.5928,156.5521,12.5242
154.0000,7.9585,164.0926,13.1274
155.0000,7.8150,161.1333,12.8907
156.0000,6.8584,141.4112,11.3129
157.0000,6.6607,137.3350,10.9868
158.0000,7.5721,156.1267,12.4901
159.0000,6.9058,142.3874,11.3910
160.0000,7.2705,149.9070,11.9926
161.0000,7.5805,156.2980,12.5038
162.0000,6.6771,137.6715,11.0137
163.0000,6.5075,134.1751,10.7340
164.0000,7.3693,151.9447,12.1556
165.0000,7.2911,150.3329,12.0266
166.0000,7.1856,148.1565,11.8525
167.0000,7.2890,150.2890,12.0231
168.0000,6.9620,143.5461,11.4837
169.0000,6.7245,138.6488,11.0919
170.0000,7.2144,148.7501,11.9000
171.0000,6.9215,142.7122,11.4170
172.0000,6.6772,137.6739,11.0139
173.0000,7.4589,153.7926,12.3034
174.0000,7.2527,149.5395,11.9632
175.0000,7.4229,153.0490,12.2439
176.0000,6.9151,142.5803,11.4064
177.0000,7.0356,145.0646,11.6052
178.0000,6.9116,142.5072,11.4006
179.0000,6.9525,143.3502,11.4680
180.0000,7.3461,151.4656,12.1172
181.0000,6.9902,144.1277,11.5302
182.0000,7.4045,152.6705,12.2136
183.0000,7.3986,152.5482,12.2039
184.0000,8.0117,165.1887,13.2151
185.0000,6.7684,139.5541,11.1643
186.0000,7.5980,156.6593,12.5327
187.0000,7.2424,149.3288,11.9463
188.0000,7.2699,149.8948,11.9916
189.0000,6.7476,139.1260,11.1301
190.0000,7.1076,146.5485,11.7239
191.0000,7.5453,155.5740,12.4459
192.0000,7.2450,149.3814,11.9505
193.0000,7.3045,150.6079,12.0486
194.0000,7.1693,147.8196,11.8256
195.0000,7.6950,158.6593,12.6927
196.0000,7.2672,149.8390,11.9871
197.0000,6.4746,133.4969,10.6798
198.0000,7.0233,144.8095,11.5848
199.0000,6.5589,135.2340,10.8187
200.0000,6.0923,125.6142,10.0491
201.0000,7.0822,146.0241,11.6819
202.0000,7.7601,160.0017,12.8001
203.0000,7.2921,150.3534,12.0283
204.0000,6.8485,141.2059,11.2965
205.0000,6.9328,142.9448,11.4356
206.0000,7.6863,158.4796,12.6784
207.0000,7.3323,151.1822,12.0946
208.0000,7.2925,150.3600,12.0288
209.0000,7.2556,149.5990,11.9679
210.0000,7.2890,150.2880,12.0230
211.0000,7.5680,156.0405,12.4832
212.0000,7.4760,154.1443,12.3315
213.0000,7.3535,151.6178,12.1294
214.0000,6.8957,142.1785,11.3743
215.0000,7.4609,153.8333,12.3067
216.0000,7.0261,144.8681,11.5895
217.0000,7.6729,158.2038,12.6563
218.0000,6.8127,140.4671,11.2374
219.0000,7.2249,148.9678,11.9174
220.0000,7.2723,149.9448,11.9956
221.0000,6.7932,140.0652,11.2052
222.0000,7.9014,162.9148,13.0332
223.0000,7.8062,160.9531,12.8762
224.0000,7.1064,146.5231,11.7218
225.0000,7.5557,155.7879,12.4630
226.0000,7.4127,152.8401,12.2272
227.0000,-4.5882,-94.6017,-7.5681
228.0000,-3.5464,-73.1220,-5.8498
229.0000,-3.6598,-75.4601,-6.0368
230.0000,-3.6072,-74.3759,-5.9501
231.0000,-4.0292,-83.0766,-6.6461
232.0000,-3.7355,-77.0201,-6.1616
233.0000,-3.7023,-76.3369,-6.1070
234.0000,-3.2053,-66.0893,-5.2871
235.0000,-3.5159,-72.4918,-5.7993
236.0000,-3.6395,-75.0417,-6.0033
237.0000,-3.0813,-63.5327,-5.0826
238.0000,-3.8395,-79.1644,-6.3331
239.0000,-3.7792,-77.9207,-6.2337
240.0000,-4.2983,-88.6257,-7.0901
241.0000,-3.0667,-63.2317,-5.0585
242.0000,-3.2867,-67.7675,-5.4214
243.0000,-3.3040,-68.1236,-5.4499
244.0000,-3.3942,-69.9833,-5.5987
245.0000,-3.5974,-74.1739,-5.9339
246.0000,-3.5591,-73.3838,-5.8707
247.0000,-3.7292,-76.8900,-6.1512
248.0000,-3.7116,-76.5270,-6.1222
249.0000,-3.6177,-74.5927,-5.9674
250.0000,-3.0876,-63.6613,-5.0929
251.0000,-3.4354,-70.8323,-5.6666
252.0000,-3.6588,-75.4385,-6.0351
253.0000,-3.8483,-79.3454,-6.3476
254.0000,-3.8685,-79.7625,-6.3810
255.0000,-3.0545,-62.9797,-5.0384
256.0000,-3.4532,-71.1998,-5.6960
257.0000,-3.6129,-74.4934,-5.9595
258.0000,-3.7634,-77.5964,-6.2077
259.0000,-4.0409,-83.3179,-6.6654
260.0000,-3.6618,-75.5015,-6.0401
261.0000,-3.3197,-68.4476,-5.4758
262.0000,-3.7803,-77.9440,-6.2355
263.0000,-3.7202,-76.7043,-6.1363
264.0000,-3.7179,-76.6578,-6.1326
265.0000,-3.5976,-74.1780,-5.9342
266.0000,-4.2170,-86.9476,-6.9558
267.0000,-3.7231,-76.7655,-6.1412
268.0000,-3.9483,-81.4080,-6.5126
269.0000,-3.3157,-68.3656,-5.4692
270.0000,-3.9178,-80.7795,-6.4624
271.0000,-3.4276,-70.6721,-5.6538
272.0000,-3.0830,-63.5667,-5.0853
273.0000,-3.7516,-77.3520,-6.1882
274.0000,-3.8563,-79.5118,-6.3609
275.0000,-3.5679,-73.5643,-5.8851
276.0000,-3.6382,-75.0152,-6.0012
277.0000,-3.9989,-82.4521,-6.5962
278.0000,-3.4698,-71.5431,-5.7234
279.0000,-2.9044,-59.8836,-4.7907
280.0000,-3.7314,-76.9358,-6.1549
281.0000,-3.7113,-76.5216,-6.1217
282.0000,-4.0176,-82.8370,-6.6270
283.0000,-3.5214,-72.6068,-5.8085
284.0000,-4.0911,-84.3523,-6.7482
285.0000,-4.0401,-83.3020,-6.6642
286.0000,-3.1720,-65.4025,-5.2322
287.0000,-3.9669,-81.7909,-6.5433
288.0000,-3.2442,-66.8898,-5.3512
289.0000,-3.0830,-63.5673,-5.0854
290.0000,-3.5432,-73.0551,-5.8444
291.0000,-3.4362,-70.8496,-5.6680
292.0000,-2.9274,-60.3581,-4.8286
293.0000,-3.7091,-76.4755,-6.1180
294.0000,-3.8532,-79.4475,-6.3558
295.0000,-4.1297,-85.1492,-6.8119
296.0000,-3.6223,-74.6872,-5.9750
297.0000,-3.0995,-63.9064,-5.1125
298.0000,-3.2884,-67.8030,-5.4242
299.0000,-3.9802,-82.0657,-6.5653
300.0000,-3.9486,-81.4153,-6.5132
301.0000,-3.8209,-78.7813,-6.3025
302.0000,-3.5312,-72.8080,-5.8246
303.0000,-3.7122,-76.5398,-6.1232
304.0000,-3.5595,-73.3916,-5.8713
305.0000,-3.5296,-72.7745,-5.8220
306.0000,-3.7462,-77.2408,-6.1793
307.0000,-3.6521,-75.3013,-6.0241
308.0000,-3.5624,-73.4506,-5.8760
309.0000,-3.6680,-75.6298,-6.0504
310.0000,-3.4543,-71.2236,-5.6979
311.0000,-2.9570,-60.9684,-4.8775
312.0000,-3.4222,-70.5602,-5.6448
313.0000,-3.6172,-74.5814,-5.9665
314.0000,-4.2508,-87.6459,-7.0117
315.0000,-3.4964,-72.0903,-5.7672
316.0000,-4.3456,-89.6001,-7.1680
317.0000,-4.1500,-85.5678,-6.8454
318.0000,-3.3266,-68.5902,-5.4872
319.0000,-3.3806,-69.7032,-5.5763
320.0000,-3.6920,-76.1245,-6.0900
321.0000,-4.2595,-87.8251,-7.0260
322.0000,-3.7726,-77.7851,-6.2228
323.0000,-3.8844,-80.0905,-6.4072
324.0000,-3.4058,-70.2237,-5.6179
325.0000,-2.8163,-58.0670,-4.6454
326.0000,-3.5586,-73.3730,-5.8698
327.0000,-3.9210,-80.8448,-6.4676
328.0000,-4.0633,-83.7791,-6.7023
329.0000,-3.6579,-75.4207,-6.0337
330.0000,-3.7018,-76.3259,-6.1061
331.0000,-4.0564,-83.6364,-6.6909
332.0000,-3.5952,-74.1273,-5.9302
333.0000,-4.0561,-83.6319,-6.6905
334.0000,-3.2330,-66.6592,-5.3327
335.0000,-3.2510,-67.0301,-5.3624
336.0000,-3.2429,-66.8644,-5.3491
337.0000,-3.8099,-78.5554,-6.2844
338.0000,-3.4503,-71.1411,-5.6913
339.0000,-3.6855,-75.9905,-6.0792
340.0000,-3.7789,-77.9161,-6.2333
341.0000,-3.7609,-77.5436,-6.2035
342.0000,-4.1103,-84.7479,-6.7798
343.0000,-4.1627,-85.8290,-6.8663
344.0000,-3.3486,-69.0426,-5.5234
345.0000,-3.7071,-76.4343,-6.1147
346.0000,-3.5588,-73.3768,-5.8701
347.0000,-3.2731,-67.4872,-5.3990
348.0000,-4.2679,-87.9985,-7.0399
349.0000,-3.9227,-80.8810,-6.4705
350.0000,-3.5737,-73.6850,-5.8948
351.0000,-3.4949,-72.0593,-5.7647
352.0000,-3.7747,-77.8281,-6.2262
353.0000,-3.2631,-67.2812,-5.3825
354.0000,-3.5610,-73.4220,-5.8738
355.0000,-4.0789,-84.1004,-6.7280
356.0000,-3.9761,-81.9807,-6.5585
357.0000,-3.3445,-68.9590,-5.5167
358.0000,-3.4688,-71.5213,-5.7217
359.0000,-4.3283,-89.2430,-7.1394
360.0000,-3.1473,-64.8922,-5.1914
361.0000,-3.4200,-70.5148,-5.6412
362.0000,-3.1489,-64.9249,-5.1940
363.0000,-3.7771,-77.8778,-6.2302
364.0000,-3.7451,-77.2178,-6.1774
365.0000,6.8653,141.5516,11.3241
366.0000,8.1978,169.0270,13.5222
367.0000,7.2112,148.6841,11.8947
368.0000,7.8525,161.9065,12.9525
369.0000,7.0395,145.1453,11.6116
370.0000,7.3346,151.2288,12.0983
371.0000,6.6670,137.4649,10.9972
372.0000,7.1357,147.1285,11.7703
373.0000,7.6328,157.3782,12.5903
374.0000,6.8197,140.6119,11.2490
375.0000,7.6650,158.0417,12.6433
376.0000,7.3977,152.5293,12.2023
377.0000,6.8953,142.1704,11.3736
378.0000,7.0925,146.2380,11.6990
379.0000,7.1080,146.5570,11.7246
380.0000,7.2570,149.6286,11.9703
381.0000,7.0800,145.9789,11.6783
382.0000,6.9741,143.7953,11.5036
383.0000,7.1642,147.7156,11.8172
384.0000,6.9015,142.2983,11.3839
385.0000,6.8059,140.3286,11.2263
386.0000,7.2575,149.6387,11.9711
387.0000,7.5961,156.6216,12.5297
388.0000,6.7187,138.5297,11.0824
389.0000,7.2763,150.0263,12.0021
390.0000,7.0386,145.1253,11.6100
391.0000,6.9196,142.6714,11.4137
392.0000,7.5854,156.4008,12.5121
393.0000,7.0865,146.1137,11.6891
394.0000,7.8200,161.2373,12.8990
395.0000,6.9913,144.1512,11.5321
396.0000,7.4156,152.8988,12.2319
397.0000,7.1923,148.2954,11.8636
398.0000,7.0007,144.3448,11.5476
399.0000,7.4888,154.4076,12.3526
400.0000,7.2186,148.8376,11.9070
401.0000,7.4944,154.5241,12.3619
402.0000,7.2578,149.6453,11.9716
403.0000,6.8800,141.8564,11.3485
404.0000,7.2379,149.2345,11.9388
405.0000,7.2939,150.3897,12.0312
406.0000,7.6236,157.1885,12.5751
407.0000,6.9453,143.2030,11.4562
408.0000,7.2607,149.7050,11.9764
409.0000,6.6487,137.0859,10.9669
410.0000,7.5120,154.8862,12.3909
411.0000,6.8816,141.8889,11.3511
412.0000,6.6179,136.4523,10.9162
413.0000,7.2535,149.5559,11.9645
414.0000,7.6772,158.2926,12.6634
415.0000,6.7205,138.5666,11.0853
416.0000,6.8792,141.8397,11.3472
417.0000,7.0046,144.4254,11.5540
418.0000,6.8641,141.5288,11.3223
419.0000,7.4130,152.8457,12.2277
420.0000,6.9813,143.9447,11.5156
421.0000,7.0125,144.5886,11.5671
422.0000,7.4872,154.3748,12.3500
423.0000,7.0002,144.3336,11.5467
424.0000,7.4324,153.2459,12.2597
425.0000,6.9217,142.7146,11.4172
426.0000,6.8341,140.9090,11.2727
427.0000,6.6074,136.2341,10.8987
428.0000,7.9520,163.9590,13.1167
429.0000,7.1585,147.5981,11.8078
430.0000,7.3637,151.8295,12.1464
431.0000,7.2637,149.7671,11.9814
432.0000,7.3332,151.1997,12.0960
433.0000,7.2931,150.3726,12.0298
434.0000,7.9691,164.3116,13.1449
435.0000,6.8971,142.2081,11.3766
436.0000,6.7085,138.3190,11.0655
437.0000,6.9069,142.4103,11.3928
438.0000,6.7895,139.9897,11.1992
439.0000,7.5467,155.6022,12.4482
440.0000,7.5734,156.1528,12.4922
441.0000,6.9253,142.7901,11.4232
442.0000,6.7692,139.5717,11.1657
443.0000,7.1459,147.3390,11.7871
444.0000,7.7810,160.4334,12.8347
445.0000,1.8844,38.8532,3.1083
446.0000,3.1016,63.9497,5.1160
447.0000,2.5187,51.9318,4.1545
448.0000,3.2884,67.8028,5.4242
449.0000,2.5179,51.9156,4.1532
450.0000,2.8062,57.8594,4.6288
451.0000,2.3621,48.7029,3.8962
452.0000,2.5545,52.6706,4.2136
453.0000,3.4141,70.3938,5.6315
454.0000,3.2085,66.1543,5.2923
455.0000,2.7639,56.9875,4.5590
456.0000,2.5935,53.4737,4.2779
457.0000,2.2211,45.7964,3.6637
458.0000,2.7668,57.0476,4.5638
459.0000,2.8988,59.7682,4.7815
460.0000,2.8794,59.3696,4.7496
461.0000,2.8759,59.2966,4.7437
462.0000,2.5019,51.5864,4.1269
463.0000,2.8859,59.5029,4.7602
464.0000,2.8959,59.7099,4.7768
465.0000,3.3794,69.6792,5.5743
466.0000,3.5890,74.0005,5.9200
467.0000,2.8602,58.9726,4.7178
468.0000,2.6313,54.2527,4.3402
469.0000,2.8864,59.5126,4.7610
470.0000,2.6890,55.4428,4.4354
471.0000,2.6399,54.4317,4.3545
472.0000,2.8887,59.5601,4.7648
473.0000,2.5305,52.1752,4.1740
474.0000,3.1305,64.5458,5.1637
475.0000,2.8722,59.2206,4.7377
476.0000,3.0009,61.8751,4.9500
477.0000,2.8435,58.6279,4.6902
478.0000,2.6455,54.5456,4.3636
479.0000,2.5652,52.8903,4.2312
480.0000,2.8237,58.2204,4.6576
481.0000,2.7104,55.8843,4.4707
482.0000,2.9951,61.7543,4.9403
483.0000,2.9084,59.9668,4.7973
484.0000,2.4145,49.7827,3.9826
485.0000,2.9344,60.5034,4.8403
486.0000,2.4215,49.9285,3.9943
487.0000,2.6858,55.3764,4.4301
488.0000,2.8029,57.7923,4.6234
489.0000,2.1551,44.4355,3.5548
490.0000,2.9433,60.6863,4.8549
491.0000,2.9649,61.1324,4.8906
492.0000,2.8525,58.8148,4.7052
493.0000,2.7557,56.8176,4.5454
494.0000,2.7741,57.1980,4.5758
495.0000,2.5548,52.6760,4.2141
496.0000,2.8119,57.9772,4.6382
497.0000,2.7090,55.8554,4.4684
498.0000,2.9434,60.6876,4.8550
499.0000,2.4720,50.9690,4.0775
500.0000,2.9957,61.7669,4.9414
501.0000,2.9621,61.0741,4.8859
502.0000,2.8585,58.9383,4.7151
503.0000,2.7502,56.7060,4.5365
504.0000,3.1109,64.1425,5.1314
505.0000,2.3045,47.5155,3.8012
506.0000,3.0775,63.4534,5.0763
507.0000,2.9984,61.8228,4.9458
508.0000,3.0131,62.1253,4.9700
509.0000,3.0494,62.8748,5.0300
510.0000,2.6722,55.0977,4.4078
511.0000,2.8156,58.0540,4.6443
512.0000,3.1417,64.7779,5.1822
513.0000,3.0666,63.2298,5.0584
514.0000,2.9852,61.5503,4.9240
515.0000,2.3592,48.6426,3.8914
516.0000,3.1057,64.0342,5.1227
517.0000,3.3354,68.7710,5.5017
518.0000,3.2773,67.5725,5.4058
519.0000,2.9951,61.7541,4.9403
520.0000,2.3434,48.3174,3.8654
521.0000,3.2529,67.0691,5.3655
522.0000,2.8564,58.8956,4.7116
523.0000,1.9888,41.0061,3.2805
524.0000,3.0472,62.8291,5.0263
525.0000,2.3672,48.8087,3.9047
526.0000,2.4384,50.2767,4.0221
527.0000,2.6790,55.2378,4.4190
528.0000,3.3729,69.5444,5.5636
529.0000,2.7751,57.2187,4.5775
530.0000,3.0086,62.0324,4.9626
531.0000,3.5458,73.1098,5.8488
532.0000,3.4898,71.9552,5.7564
533.0000,2.8724,59.2248,4.7380
534.0000,2.8221,58.1886,4.6551
535.0000,2.4514,50.5435,4.0435
536.0000,2.6574,54.7916,4.3833
537.0000,3.0647,63.1902,5.0552
538.0000,3.0539,62.9680,5.0374
539.0000,2.9501,60.8268,4.8661
540.0000,3.2719,67.4610,5.3969
541.0000,2.6291,54.2072,4.3366
542.0000,2.8896,59.5794,4.7664
543.0000,3.1760,65.4843,5.2387
544.0000,3.1225,64.3811,5.1505
545.0000,3.2996,68.0321,5.4426
546.0000,3.0544,62.9777,5.0382
547.0000,2.7975,57.6795,4.6144
548.0000,3.0417,62.7164,5.0173
549.0000,2.5453,52.4805,4.1984
550.0000,2.3136,47.7041,3.8163
551.0000,3.1212,64.3550,5.1484
552.0000,-0.0201,-0.4136,-0.0331
553.0000,0.1122,2.3131,0.1850
554.0000,-0.6175,-12.7326,-1.0186
555.0000,-0.1328,-2.7384,-0.2191
556.0000,-0.2182,-4.4989,-0.3599
557.0000,-0.3144,-6.4816,-0.5185
558.0000,-0.8203,-16.9126,-1.3530
559.0000,-0.1218,-2.5116,-0.2009
560.0000,0.3264,6.7298,0.5384
561.0000,0.1386,2.8575,0.2286
562.0000,-0.2186,-4.5071,-0.3606
563.0000,-0.0054,-0.1116,-0.0089
564.0000,0.2753,5.6760,0.4541
565.0000,-1.0041,-20.7031,-1.6563
566.0000,-0.0453,-0.9340,-0.0747
567.0000,0.1976,4.0740,0.3259
568.0000,0.2481,5.1160,0.4093
569.0000,0.6186,12.7555,1.0204
570.0000,0.4129,8.5128,0.6810
571.0000,0.1137,2.3442,0.1875
572.0000,0.1098,2.2648,0.1812
573.0000,0.2863,5.9021,0.4722
574.0000,-0.1962,-4.0450,-0.3236
575.0000,-0.0146,-0.3014,-0.0241
576.0000,0.3296,6.7968,0.5437
577.0000,0.7120,14.6808,1.1745
578.0000,-0.0579,-1.1945,-0.0956
579.0000,-0.0176,-0.3630,-0.0290
580.0000,0.0722,1.4886,0.1191
581.0000,0.4886,10.0740,0.8059
582.0000,-0.0110,-0.2273,-0.0182
583.0000,0.5345,11.0202,0.8816
584.0000,-0.3516,-7.2499,-0.5800
585.0000,-0.0677,-1.3953,-0.1116
586.0000,-0.0721,-1.4862,-0.1189
587.0000,0.2861,5.8988,0.4719
588.0000,0.3802,7.8395,0.6272
589.0000,-0.5491,-11.3208,-0.9057
590.0000,-0.3329,-6.8634,-0.5491
591.0000,0.1225,2.5264,0.2021
592.0000,-0.2396,-4.9402,-0.3952
593.0000,-0.5538,-11.4182,-0.9135
594.0000,0.3777,7.7886,0.6231
595.0000,0.1797,3.7048,0.2964
596.0000,0.1794,3.6988,0.2959
597.0000,-0.1729,-3.5658,-0.2853
598.0000,0.3743,7.7170,0.6174
599.0000,-0.0873,-1.7997,-0.1440
600.0000,0.3988,8.2233,0.6579
601.0000,-0.3316,-6.8375,-0.5470
602.0000,-0.3107,-6.4060,-0.5125
603.0000,0.0744,1.5350,0.1228
604.0000,-0.2555,-5.2675,-0.4214
605.0000,0.2457,5.0659,0.4053
606.0000,0.0946,1.9507,0.1561
607.0000,-0.3357,-6.9223,-0.5538
608.0000,0.0265,0.5465,0.0437
609.0000,-0.1278,-2.6346,-0.2108
610.0000,0.3331,6.8687,0.5495
611.0000,-0.2301,-4.7441,-0.3795
612.0000,-3.7972,-78.2938,-6.2635
613.0000,-3.1969,-65.9157,-5.2733
614.0000,-2.8232,-58.2105,-4.6568
615.0000,-2.9104,-60.0074,-4.8006
616.0000,-3.6145,-74.5258,-5.9621
617.0000,-3.5579,-73.3586,-5.8687
618.0000,-3.0797,-63.4991,-5.0799
619.0000,-3.6828,-75.9333,-6.0747
620.0000,-3.9926,-82.3226,-6.5858
621.0000,-3.5950,-74.1234,-5.9299
622.0000,-3.4733,-71.6136,-5.7291
623.0000,-3.9391,-81.2186,-6.4975
624.0000,-4.2363,-87.3467,-6.9877
625.0000,-4.1601,-85.7755,-6.8620
626.0000,-3.3955,-70.0093,-5.6007
627.0000,-3.9134,-80.6878,-6.4550
628.0000,-3.6889,-76.0601,-6.0848
629.0000,-3.5602,-73.4058,-5.8725
630.0000,-3.4123,-70.3564,-5.6285
631.0000,-3.7593,-77.5118,-6.2009
632.0000,-3.4561,-71.2596,-5.7008
633.0000,-3.9613,-81.6755,-6.5340
634.0000,-3.7691,-77.7129,-6.2170
635.0000,-4.0101,-82.6831,-6.6146
636.0000,-3.2258,-66.5117,-5.3209
637.0000,-3.6474,-75.2031,-6.0162
638.0000,-3.9064,-80.5448,-6.4436
639.0000,-3.7657,-77.6428,-6.2114
640.0000,-3.7182,-76.6630,-6.1330
641.0000,-3.3827,-69.7461,-5.5797
642.0000,-4.2179,-86.9673,-6.9574
643.0000,-4.0148,-82.7790,-6.6223
644.0000,-3.7750,-77.8358,-6.2269
645.0000,-2.7164,-56.0077,-4.4806
646.0000,-3.2899,-67.8324,-5.4266
647.0000,-3.6780,-75.8359,-6.0669
648.0000,-3.3785,-69.6600,-5.5728
649.0000,-2.8891,-59.5692,-4.7655
650.0000,-3.7225,-76.7531,-6.1402
651.0000,-3.7708,-77.7481,-6.2198
652.0000,-3.1967,-65.9104,-5.2728
653.0000,-3.4577,-71.2937,-5.7035
654.0000,-3.3933,-69.9650,-5.5972
655.0000,-3.8224,-78.8117,-6.3049
656.0000,-2.9376,-60.5685,-4.8455
657.0000,-3.0156,-62.1781,-4.9742
658.0000,-3.4316,-70.7554,-5.6604
659.0000,-3.3886,-69.8678,-5.5894
660.0000,-4.3749,-90.2045,-7.2164
661.0000,-3.4055,-70.2172,-5.6174
662.0000,-3.7081,-76.4558,-6.1165
663.0000,-3.4797,-71.7457,-5.7397
664.0000,-3.3893,-69.8816,-5.5905
665.0000,-3.7616,-77.5597,-6.2048
666.0000,-4.2524,-87.6786,-7.0143
667.0000,-3.5037,-72.2409,-5.7793
668.0000,-3.9072,-80.5604,-6.4448
669.0000,-3.7576,-77.4765,-6.1981
670.0000,-0.2199,-4.5338,-0.3627
671.0000,-0.1242,-2.5618,-0.2049
672.0000,-0.8401,-17.3214,-1.3857
673.0000,0.4427,9.1271,0.7302
674.0000,0.0922,1.9001,0.1520
675.0000,0.4043,8.3355,0.6668
676.0000,0.7202,14.8488,1.1879
677.0000,0.0082,0.1694,0.0136
678.0000,-0.6556,-13.5183,-1.0815
679.0000,-0.3252,-6.7042,-0.5363
680.0000,-0.4390,-9.0518,-0.7241
681.0000,-0.1826,-3.7641,-0.3011
682.0000,0.0290,0.5974,0.0478
683.0000,-0.7283,-15.0164,-1.2013
684.0000,0.1246,2.5686,0.2055
685.0000,-0.5494,-11.3277,-0.9062
686.0000,0.1082,2.2302,0.1784
687.0000,-0.0398,-0.8212,-0.0657
688.0000,-0.1141,-2.3522,-0.1882
689.0000,-0.0266,-0.5478,-0.0438
690.0000,-0.1963,-4.0483,-0.3239
691.0000,-0.2228,-4.5935,-0.3675
692.0000,-0.6121,-12.6207,-1.0097
693.0000,-0.0108,-0.2222,-0.0178
694.0000,0.6713,13.8415,1.1073
695.0000,0.7204,14.8537,1.1883
696.0000,0.4808,9.9136,0.7931
697.0000,0.2567,5.2935,0.4235
698.0000,-0.2461,-5.0736,-0.4059
699.0000,0.5248,10.8206,0.8657
700.0000,-0.0204,-0.4210,-0.0337
701.0000,-0.0251,-0.5166,-0.0413
702.0000,-0.1059,-2.1842,-0.1747
703.0000,0.0335,0.6897,0.0552
704.0000,-0.1583,-3.2641,-0.2611
705.0000,-0.0305,-0.6284,-0.0503
706.0000,-0.3945,-8.1345,-0.6508
707.0000,-0.1359,-2.8025,-0.2242
708.0000,0.8296,17.1042,1.3683
709.0000,-0.0253,-0.5220,-0.0418
710.0000,-0.0868,-1.7900,-0.1432
711.0000,0.1937,3.9928,0.3194
712.0000,0.2576,5.3109,0.4249
713.0000,-0.4051,-8.3533,-0.6683
714.0000,-0.0754,-1.5537,-0.1243
715.0000,0.3340,6.8871,0.5510
716.0000,0.0982,2.0238,0.1619
717.0000,0.0444,0.9147,0.0732
718.0000,0.5653,11.6551,0.9324
719.0000,-0.2465,-5.0833,-0.4067
720.0000,0.0301,0.6206,0.0496
721.0000,-0.1892,-3.9004,-0.3120
722.0000,0.5421,11.1773,0.8942
723.0000,-0.7100,-14.6390,-1.1711
724.0000,-0.2438,-5.0261,-0.4021
725.0000,-0.1925,-3.9687,-0.3175
726.0000,0.2414,4.9765,0.3981
727.0000,0.2205,4.5471,0.3638
728.0000,0.5075,10.4640,0.8371
729.0000,-0.5726,-11.8052,-0.9444
730.0000,0.2730,5.6286,0.4503
731.0000,-0.1067,-2.1996,-0.1760
732.0000,-0.2421,-4.9922,-0.3994
733.0000,0.1963,4.0468,0.3237
734.0000,-0.3347,-6.9010,-0.5521
735.0000,-0.7555,-15.5768,-1.2461
736.0000,-0.1347,-2.7766,-0.2221
737.0000,-0.5448,-11.2333,-0.8987
738.0000,-0.2360,-4.8669,-0.3893
739.0000,7.4102,152.7867,12.2229
740.0000,7.3885,152.3400,12.1872
741.0000,7.8522,161.9017,12.9521
742.0000,7.2024,148.5026,11.8802
743.0000,6.7173,138.5000,11.0800
744.0000,7.0000,144.3293,11.5463
745.0000,6.9406,143.1046,11.4484
746.0000,6.8320,140.8663,11.2693
747.0000,7.4334,153.2653,12.2612
748.0000,7.0403,145.1608,11.6129
749.0000,6.5557,135.1697,10.8136
750.0000,7.5285,155.2269,12.4182
751.0000,7.2345,149.1643,11.9331
752.0000,7.4048,152.6763,12.2141
753.0000,7.3135,150.7929,12.0634
754.0000,7.5048,154.7374,12.3790
755.0000,7.2888,150.2851,12.0228
756.0000,7.7247,159.2715,12.7417
757.0000,7.4296,153.1874,12.2550
758.0000,7.4176,152.9405,12.2352
759.0000,7.4241,153.0740,12.2459
760.0000,6.7451,139.0752,11.1260
761.0000,7.2151,148.7652,11.9012
762.0000,7.1807,148.0551,11.8444
763.0000,7.3505,151.5566,12.1245
764.0000,6.7808,139.8098,11.1848
765.0000,7.8694,162.2559,12.9805
766.0000,7.3130,150.7829,12.0626
767.0000,6.8344,140.9151,11.2732
768.0000,6.6534,137.1833,10.9747
769.0000,7.1727,147.8903,11.8312
770.0000,7.2424,149.3274,11.9462
771.0000,7.0137,144.6128,11.5690
772.0000,7.3085,150.6909,12.0553
773.0000,7.0418,145.1912,11.6153
774.0000,7.4757,154.1374,12.3310
775.0000,7.0114,144.5659,11.5653
776.0000,7.2610,149.7112,11.9769
777.0000,7.6311,157.3413,12.5873
778.0000,8.2104,169.2875,13.5430
779.0000,6.9085,142.4427,11.3954
780.0000,7.1060,146.5162,11.7213
781.0000,6.9695,143.7012,11.4961
782.0000,7.5603,155.8825,12.4706
783.0000,6.8574,141.3893,11.3111
784.0000,7.0988,146.3673,11.7094
785.0000,7.2642,149.7780,11.9822
786.0000,6.9190,142.6599,11.4128
787.0000,6.9268,142.8201,11.4256
788.0000,7.1020,146.4328,11.7146
789.0000,6.5110,134.2467,10.7397
790.0000,6.7492,139.1589,11.1327
791.0000,7.1248,146.9022,11.7522
792.0000,7.3289,151.1117,12.0889
793.0000,7.2074,148.6068,11.8885
794.0000,6.6297,136.6952,10.9356
795.0000,7.1063,146.5216,11.7217
796.0000,7.5654,155.9883,12.4791
797.0000,7.4772,154.1690,12.3335
798.0000,7.2464,149.4094,11.9528
799.0000,6.9522,143.3447,11.4676
800.0000,7.5046,154.7341,12.3787
801.0000,7.0644,145.6580,11.6526
802.0000,2.4847,51.2306,4.0985
803.0000,2.6182,53.9836,4.3187
804.0000,3.4368,70.8626,5.6690
805.0000,2.9901,61.6514,4.9321
806.0000,3.3317,68.6944,5.4955
807.0000,2.7356,56.4050,4.5124
808.0000,3.2513,67.0361,5.3629
809.0000,2.6912,55.4887,4.4391
810.0000,2.8527,58.8193,4.7055
811.0000,3.8144,78.6476,6.2918
812.0000,3.1891,65.7536,5.2603
813.0000,2.7277,56.2412,4.4993
814.0000,2.8791,59.3639,4.7491
815.0000,3.0287,62.4467,4.9957
816.0000,3.3503,69.0784,5.5263
817.0000,2.7321,56.3315,4.5065
818.0000,2.2766,46.9401,3.7552
819.0000,2.8083,57.9027,4.6322
820.0000,2.9156,60.1154,4.8092
821.0000,2.9498,60.8215,4.8657
822.0000,3.3889,69.8752,5.5900
823.0000,3.0252,62.3752,4.9900
824.0000,3.2057,66.0969,5.2878
825.0000,2.5095,51.7416,4.1393
826.0000,3.2257,66.5093,5.3207
827.0000,3.6725,75.7216,6.0577
828.0000,3.1911,65.7968,5.2637
829.0000,3.0022,61.9017,4.9521
830.0000,2.9660,61.1549,4.8924
831.0000,3.5601,73.4036,5.8723
832.0000,2.5727,53.0461,4.2437
833.0000,2.8696,59.1667,4.7333
834.0000,3.0774,63.4516,5.0761
835.0000,3.1806,65.5800,5.2464
836.0000,2.7509,56.7200,4.5376
837.0000,3.0218,62.3049,4.9844
838.0000,2.8089,57.9156,4.6332
839.0000,2.9538,60.9035,4.8723
840.0000,2.8620,59.0093,4.7207
841.0000,2.4947,51.4380,4.1150
842.0000,2.9023,59.8416,4.7873
843.0000,3.2291,66.5786,5.3263
844.0000,2.5582,52.7474,4.2198
845.0000,2.8223,58.1918,4.6553
846.0000,3.1518,64.9859,5.1989
847.0000,2.5208,51.9760,4.1581
848.0000,2.9764,61.3698,4.9096
849.0000,2.5244,52.0490,4.1639
850.0000,3.3227,68.5097,5.4808
851.0000,3.7513,77.3462,6.1877
852.0000,3.6456,75.1669,6.0134
853.0000,2.8303,58.3561,4.6685
854.0000,3.1792,65.5515,5.2441
855.0000,2.9540,60.9075,4.8726
856.0000,2.9471,60.7658,4.8613
857.0000,3.4730,71.6082,5.7287
858.0000,2.4301,50.1062,4.0085
859.0000,3.2939,67.9147,5.4332
860.0000,2.8922,59.6327,4.7706
861.0000,3.4224,70.5641,5.6451
862.0000,2.9781,61.4043,4.9123
863.0000,2.6653,54.9550,4.3964
864.0000,3.0108,62.0786,4.9663
865.0000,3.1777,65.5198,5.2416
866.0000,2.9230,60.2682,4.8215
867.0000,3.0875,63.6603,5.0928
868.0000,2.7202,56.0874,4.4870
869.0000,2.1338,43.9959,3.5197
870.0000,3.2374,66.7502,5.3400
871.0000,3.1643,65.2437,5.2195
872.0000,2.9639,61.1113,4.8889
873.0000,2.9349,60.5131,4.8410
874.0000,3.2870,67.7722,5.4218
875.0000,2.7437,56.5717,4.5257
876.0000,2.6530,54.7010,4.3761
877.0000,2.8414,58.5859,4.6869
878.0000,3.3425,68.9182,5.5135
879.0000,2.4054,49.5967,3.9677
880.0000,3.3435,68.9387,5.5151
881.0000,7.0425,145.2056,11.6164
882.0000,6.8746,141.7444,11.3396
883.0000,7.7333,159.4505,12.7560
884.0000,7.2398,149.2733,11.9419
885.0000,6.8020,140.2482,11.2199
886.0000,7.1445,147.3095,11.7848
887.0000,7.6137,156.9829,12.5586
888.0000,7.7086,158.9406,12.7152
889.0000,7.1196,146.7968,11.7437
890.0000,7.4228,153.0474,12.2438
891.0000,7.5347,155.3556,12.4285
892.0000,7.0405,145.1653,11.6132
893.0000,7.4041,152.6628,12.2130
894.0000,7.2634,149.7609,11.9809
895.0000,7.0800,145.9798,11.6784
896.0000,7.0960,146.3089,11.7047
897.0000,7.2994,150.5028,12.0402
898.0000,7.2859,150.2239,12.0179
899.0000,7.0693,145.7588,11.6607
900.0000,7.1201,146.8054,11.7444
901.0000,7.6800,158.3500,12.6680
902.0000,7.3528,151.6037,12.1283
903.0000,7.5970,156.6382,12.5311
904.0000,7.7122,159.0137,12.7211
905.0000,7.4892,154.4163,12.3533
906.0000,8.1010,167.0316,13.3625
907.0000,6.9748,143.8102,11.5048
908.0000,7.5691,156.0631,12.4850
909.0000,7.1593,147.6139,11.8091
910.0000,7.9500,163.9184,13.1135
911.0000,7.8935,162.7533,13.0203
912.0000,2.1992,45.3434,3.6275
913.0000,2.5576,52.7335,4.2187
914.0000,3.1516,64.9823,5.1986
915.0000,3.1973,65.9240,5.2739
916.0000,3.1779,65.5242,5.2419
917.0000,2.8842,59.4685,4.7575
918.0000,3.0756,63.4134,5.0731
919.0000,3.1475,64.8977,5.1918
920.0000,2.8817,59.4160,4.7533
921.0000,3.2837,67.7048,5.4164
922.0000,2.0881,43.0538,3.4443
923.0000,3.1405,64.7535,5.1803
924.0000,2.5339,52.2446,4.1796
925.0000,3.2587,67.1901,5.3752
926.0000,2.8268,58.2849,4.6628
927.0000,2.5867,53.3341,4.2667
928.0000,3.0460,62.8043,5.0243
929.0000,2.5785,53.1650,4.2532
930.0000,2.5780,53.1542,4.2523
931.0000,2.3399,48.2453,3.8596
932.0000,2.9003,59.7997,4.7840
933.0000,3.0907,63.7262,5.0981
934.0000,3.2821,67.6727,5.4138
935.0000,2.8584,58.9370,4.7150
936.0000,3.2912,67.8589,5.4287
937.0000,2.9165,60.1347,4.8108
938.0000,2.8761,59.3003,4.7440
939.0000,3.1186,64.3017,5.1441
940.0000,3.2950,67.9379,5.4350
941.0000,2.7858,57.4392,4.5951
942.0000,2.8213,58.1718,4.6537
943.0000,2.8515,58.7938,4.7035
944.0000,2.9401,60.6208,4.8497
945.0000,2.5825,53.2469,4.2598
946.0000,3.2839,67.7100,5.4168
947.0000,2.7644,56.9969,4.5598
948.0000,3.0782,63.4683,5.0775
949.0000,2.6097,53.8090,4.3047
950.0000,3.0405,62.6910,5.0153
951.0000,3.0524,62.9369,5.0350
952.0000,2.7570,56.8449,4.5476
953.0000,3.6451,75.1567,6.0125
954.0000,3.0450,62.7828,5.0226
955.0000,3.5564,73.3270,5.8662
956.0000,3.2589,67.1935,5.3755
957.0000,2.6691,55.0329,4.4026
958.0000,2.7710,57.1336,4.5707
959.0000,3.0686,63.2708,5.0617
960.0000,2.9323,60.4588,4.8367
961.0000,2.9280,60.3710,4.8297
962.0000,2.8059,57.8535,4.6283
963.0000,2.2522,46.4364,3.7149
964.0000,2.8280,58.3093,4.6647
965.0000,2.1032,43.3641,3.4691
966.0000,3.0452,62.7886,5.0231
967.0000,2.6459,54.5546,4.3644
968.0000,2.6498,54.6344,4.3707
969.0000,2.8302,58.3552,4.6684
970.0000,3.0092,62.0450,4.9636
971.0000,2.3891,49.2600,3.9408
972.0000,2.2739,46.8855,3.7508
973.0000,2.5222,52.0045,4.1604
974.0000,2.1673,44.6870,3.5750
975.0000,2.5583,52.7486,4.2199
976.0000,3.4887,71.9316,5.7545
977.0000,2.5257,52.0756,4.1660
978.0000,3.1469,64.8855,5.1908
979.0000,2.4111,49.7127,3.9770
980.0000,3.0188,62.2434,4.9795
981.0000,2.7937,57.6020,4.6082
982.0000,2.8882,59.5514,4.7641
983.0000,3.1169,64.2658,5.1413
984.0000,3.5488,73.1718,5.8537
985.0000,2.9808,61.4603,4.9168
986.0000,2.9552,60.9327,4.8746
987.0000,2.5559,52.6997,4.2160
988.0000,3.1222,64.3750,5.1500
989.0000,2.8205,58.1545,4.6524
990.0000,3.2126,66.2401,5.2992
991.0000,2.8941,59.6722,4.7738
992.0000,3.5432,73.0564,5.8445
993.0000,2.1887,45.1281,3.6103
994.0000,2.8021,57.7755,4.6220
995.0000,3.2306,66.6111,5.3289
996.0000,2.7824,57.3698,4.5896
997.0000,2.6218,54.0587,4.3247
998.0000,2.8133,58.0059,4.6405
999.0000,2.4081,49.6505,3.9720
1000.0000,2.9533,60.8922,4.8714
1001.0000,3.7977,78.3035,6.2643
1002.0000,3.3265,68.5877,5.4870
1003.0000,2.5066,51.6824,4.1346
1004.0000,2.5923,53.4499,4.2760
1005.0000,2.7628,56.9645,4.5572
1006.0000,3.2754,67.5331,5.4026
1007.0000,2.6112,53.8388,4.3071
1008.0000,2.6589,54.8233,4.3859
1009.0000,3.2318,66.6356,5.3308
1010.0000,3.2245,66.4849,5.3188
1011.0000,2.7740,57.1964,4.5757
1012.0000,2.5034,51.6168,4.1293
1013.0000,2.3463,48.3769,3.8702
1014.0000,2.6557,54.7576,4.3806
1015.0000,2.0986,43.2710,3.4617
1016.0000,3.1827,65.6236,5.2499
1017.0000,2.6808,55.2748,4.4220
1018.0000,3.0851,63.6097,5.0888
1019.0000,3.5896,74.0124,5.9210
1020.0000,3.3367,68.7975,5.5038
1021.0000,2.4913,51.3665,4.1093
1022.0000,3.2262,66.5194,5.3215
1023.0000,3.3312,68.6839,5.4947
1024.0000,2.6385,54.4023,4.3522
1025.0000,2.5632,52.8503,4.2280
1026.0000,2.8701,59.1773,4.7342
1027.0000,2.3275,47.9893,3.8391
1028.0000,3.4450,71.0305,5.6824
1029.0000,2.0350,41.9598,3.3568
1030.0000,2.5074,51.6989,4.1359
1031.0000,2.8119,57.9783,4.6383
1032.0000,2.8274,58.2968,4.6637
1033.0000,2.9704,61.2459,4.8997
1034.0000,3.0087,62.0359,4.9629
1035.0000,2.8323,58.3979,4.6718
1036.0000,3.3235,68.5266,5.4821
1037.0000,2.1318,43.9547,3.5164
1038.0000,2.9099,59.9988,4.7999
1039.0000,2.6501,54.6406,4.3712
1040.0000,2.9582,60.9939,4.8795
1041.0000,2.9903,61.6557,4.9325
1042.0000,2.5783,53.1613,4.2529
1043.0000,2.6769,55.1929,4.4154
1044.0000,3.1983,65.9444,5.2756
1045.0000,3.0370,62.6179,5.0094
1046.0000,2.6626,54.8981,4.3919
1047.0000,3.6520,75.2992,6.0239
1048.0000,3.7500,77.3188,6.1855
1049.0000,2.3780,49.0315,3.9225
1050.0000,3.0198,62.2635,4.9811
1051.0000,3.8226,78.8175,6.3054
1052.0000,3.1951,65.8792,5.2703
1053.0000,2.9904,61.6580,4.9326
1054.0000,2.8343,58.4396,4.6752
1055.0000,2.7131,55.9410,4.4753
1056.0000,2.8327,58.4061,4.6725
1057.0000,2.7097,55.8695,4.4696
1058.0000,3.1810,65.5868,5.2469
1059.0000,2.7652,57.0138,4.5611
1060.0000,2.7495,56.6914,4.5353
1061.0000,2.4727,50.9838,4.0787
1062.0000,2.8920,59.6281,4.7702
1063.0000,2.5848,53.2941,4.2635
1064.0000,2.8443,58.6444,4.6915
1065.0000,3.2890,67.8136,5.4251
1066.0000,3.0431,62.7444,5.0196
1067.0000,3.0936,63.7854,5.1028
1068.0000,3.0395,62.6707,5.0137
1069.0000,2.9315,60.4438,4.8355
1070.0000,2.8637,59.0450,4.7236
1071.0000,2.7980,57.6915,4.6153
1072.0000,3.1861,65.6934,5.2555
1073.0000,2.5156,51.8682,4.1495
1074.0000,3.3977,70.0554,5.6044
1075.0000,2.9224,60.2556,4.8204
1076.0000,2.6377,54.3847,4.3508
1077.0000,2.7321,56.3314,4.5065
1078.0000,2.6637,54.9226,4.3938
1079.0000,2.9683,61.2015,4.8961
1080.0000,2.6489,54.6162,4.3693
1081.0000,3.3255,68.5660,5.4853
1082.0000,2.6257,54.1377,4.3310
1083.0000,2.0834,42.9561,3.4365
1084.0000,2.6441,54.5175,4.3614
1085.0000,2.1794,44.9361,3.5949
1086.0000,2.8955,59.7010,4.7761
1087.0000,3.2953,67.9437,5.4355
1088.0000,3.1456,64.8582,5.1887
1089.0000,2.4235,49.9681,3.9974
1090.0000,2.6327,54.2831,4.3426
1091.0000,3.5570,73.3398,5.8672
1092.0000,3.0259,62.3888,4.9911
1093.0000,2.9115,60.0309,4.8025
1094.0000,3.2941,67.9205,5.4336
1095.0000,3.8022,78.3956,6.2716
1096.0000,3.3816,69.7243,5.5779
1097.0000,2.9607,61.0456,4.8836
1098.0000,3.0390,62.6602,5.0128
1099.0000,3.1345,64.6281,5.1702
1100.0000,2.6871,55.4048,4.4324
1101.0000,2.5249,52.0596,4.1648
1102.0000,2.9291,60.3934,4.8315
1103.0000,2.5655,52.8959,4.2317
1104.0000,2.8876,59.5390,4.7631
1105.0000,2.9450,60.7209,4.8577
1106.0000,3.7616,77.5578,6.2046
1107.0000,2.6004,53.6171,4.2894
1108.0000,2.8657,59.0866,4.7269
1109.0000,2.8502,58.7677,4.7014
1110.0000,3.0691,63.2798,5.0624
1111.0000,3.2907,67.8504,5.4280
1112.0000,2.7316,56.3214,4.5057
1113.0000,2.6112,53.8399,4.3072
1114.0000,2.3132,47.6947,3.8156
1115.0000,2.5731,53.0535,4.2443
1116.0000,3.1051,64.0233,5.1219
1117.0000,2.9266,60.3424,4.8274
1118.0000,2.5406,52.3842,4.1907
1119.0000,2.7744,57.2042,4.5763
1120.0000,2.9214,60.2360,4.8189
1121.0000,3.0932,63.7776,5.1022
1122.0000,2.6942,55.5495,4.4440
1123.0000,2.8189,58.1217,4.6497
1124.0000,2.2485,46.3617,3.7089
1125.0000,2.4912,51.3646,4.1092
1126.0000,3.4984,72.1329,5.7706
1127.0000,2.1141,43.5889,3.4871
1128.0000,2.7871,57.4665,4.5973
1129.0000,2.9897,61.6440,4.9315
1130.0000,2.7738,57.1924,4.5754
1131.0000,2.6160,53.9388,4.3151
1132.0000,2.8878,59.5419,4.7634
1133.0000,2.9082,59.9628,4.7970
1134.0000,2.8801,59.3841,4.7507
1135.0000,2.2270,45.9172,3.6734
1136.0000,2.8564,58.8945,4.7116
1137.0000,2.5990,53.5867,4.2869
1138.0000,2.7108,55.8920,4.4714
1139.0000,2.9926,61.7023,4.9362
1140.0000,3.1431,64.8055,5.1844
1141.0000,3.2362,66.7258,5.3381
1142.0000,2.7294,56.2769,4.5022
1143.0000,3.2461,66.9300,5.3544
1144.0000,3.3369,68.8030,5.5042
1145.0000,7.6885,158.5248,12.6820
1146.0000,7.7805,160.4233,12.8339
1147.0000,7.2220,148.9074,11.9126
1148.0000,7.2117,148.6940,11.8955
1149.0000,7.5751,156.1879,12.4950
1150.0000,6.7779,139.7511,11.1801
1151.0000,7.3512,151.5707,12.1257
1152.0000,7.0820,146.0208,11.6817
1153.0000,7.1409,147.2341,11.7787
1154.0000,6.6415,136.9386,10.9551
1155.0000,6.9511,143.3209,11.4657
1156.0000,7.2675,149.8463,11.9877
1157.0000,7.5982,156.6634,12.5331
1158.0000,7.6351,157.4252,12.5940
1159.0000,7.2458,149.3976,11.9518
1160.0000,7.2061,148.5803,11.8864
1161.0000,6.9728,143.7699,11.5016
1162.0000,7.4214,153.0177,12.2414
1163.0000,7.1849,148.1432,11.8515
1164.0000,7.4954,154.5441,12.3635
1165.0000,7.9122,163.1377,13.0510
1166.0000,7.2632,149.7572,11.9806
1167.0000,6.7303,138.7698,11.1016
1168.0000,6.9619,143.5436,11.4835
1169.0000,6.7446,139.0639,11.1251
1170.0000,6.8396,141.0217,11.2817
1171.0000,7.7498,159.7895,12.7832
1172.0000,7.3574,151.6999,12.1360
1173.0000,6.7220,138.5987,11.0879
1174.0000,7.5128,154.9022,12.3922
1175.0000,7.7335,159.4528,12.7562
1176.0000,7.1441,147.3009,11.7841
1177.0000,7.0291,144.9301,11.5944
1178.0000,7.1523,147.4697,11.7976
1179.0000,7.3785,152.1345,12.1708
1180.0000,7.5078,154.7998,12.3840
1181.0000,7.7050,158.8666,12.7093
1182.0000,7.7160,159.0936,12.7275
1183.0000,7.7062,158.8905,12.7112
1184.0000,7.7704,160.2144,12.8172
1185.0000,7.5156,154.9604,12.3968
1186.0000,6.7181,138.5182,11.0815
1187.0000,7.2274,149.0178,11.9214
1188.0000,7.3892,152.3544,12.1884
1189.0000,7.1356,147.1266,11.7701
1190.0000,7.6065,156.8345,12.5468
1191.0000,7.1440,147.2984,11.7839
1192.0000,6.9383,143.0569,11.4446
1193.0000,7.8004,160.8322,12.8666
1194.0000,7.5173,154.9950,12.3996
1195.0000,7.3548,151.6444,12.1316
1196.0000,7.6121,156.9503,12.5560
1197.0000,7.6615,157.9690,12.6375
1198.0000,7.3991,152.5578,12.2046
1199.0000,6.3810,131.5675,10.5254
1200.0000,7.0293,144.9331,11.5946
1201.0000,7.1089,146.5757,11.7261
1202.0000,6.9170,142.6185,11.4095
1203.0000,7.3473,151.4901,12.1192
1204.0000,7.7087,158.9415,12.7153
1205.0000,7.0986,146.3632,11.7091
1206.0000,6.8622,141.4888,11.3191
1207.0000,8.0127,165.2103,13.2168
1208.0000,7.1108,146.6142,11.7291
1209.0000,6.8265,140.7528,11.2602
1210.0000,7.3615,151.7826,12.1426
1211.0000,7.4298,153.1926,12.2554
1212.0000,7.0185,144.7121,11.5770
1213.0000,7.5625,155.9284,12.4743
1214.0000,7.0977,146.3451,11.7076
1215.0000,6.9393,143.0779,11.4462
1216.0000,7.3400,151.3394,12.1072
1217.0000,7.5554,155.7808,12.4625
1218.0000,7.0444,145.2461,11.6197
1219.0000,7.3953,152.4797,12.1984
1220.0000,7.2410,149.2988,11.9439
1221.0000,8.3024,171.1833,13.6947
1222.0000,7.0173,144.6858,11.5749
1223.0000,7.7785,160.3813,12.8305
1224.0000,7.2560,149.6074,11.9686
1225.0000,7.2289,149.0493,11.9239
1226.0000,7.5375,155.4125,12.4330
1227.0000,7.6002,156.7049,12.5364
1228.0000,7.7359,159.5026,12.7602
1229.0000,7.3945,152.4649,12.1972
1230.0000,7.0566,145.4970,11.6398
1231.0000,7.0794,145.9677,11.6774
1232.0000,7.4604,153.8224,12.3058
1233.0000,7.4863,154.3567,12.3485
1234.0000,7.7835,160.4854,12.8388
1235.0000,7.4272,153.1382,12.2511
1236.0000,7.6606,157.9513,12.6361
1237.0000,3.4617,71.3758,5.7101
1238.0000,2.9699,61.2360,4.8989
1239.0000,2.3696,48.8583,3.9087
1240.0000,2.4810,51.1554,4.0924
1241.0000,2.3870,49.2165,3.9373
1242.0000,3.4889,71.9369,5.7550
1243.0000,2.6018,53.6444,4.2916
1244.0000,3.3581,69.2388,5.5391
1245.0000,3.1231,64.3930,5.1514
1246.0000,3.5339,72.8645,5.8292
1247.0000,3.2749,67.5232,5.4019
1248.0000,2.8728,59.2322,4.7386
1249.0000,2.8372,58.4998,4.6800
1250.0000,2.9410,60.6388,4.8511
1251.0000,2.9738,61.3145,4.9052
1252.0000,2.7169,56.0194,4.4816
1253.0000,2.8981,59.7553,4.7804
1254.0000,3.4954,72.0699,5.7656
1255.0000,2.2908,47.2340,3.7787
1256.0000,3.0040,61.9387,4.9551
1257.0000,2.5801,53.1979,4.2558
1258.0000,2.9780,61.4028,4.9122
1259.0000,3.2155,66.2989,5.3039
1260.0000,2.8890,59.5679,4.7654
1261.0000,3.1912,65.7974,5.2638
1262.0000,2.3317,48.0762,3.8461
1263.0000,7.6777,158.3024,12.6642
1264.0000,7.0556,145.4765,11.6381
1265.0000,7.5014,154.6681,12.3734
1266.0000,7.3414,151.3684,12.1095
1267.0000,6.3345,130.6083,10.4487
1268.0000,7.0000,144.3295,11.5464
1269.0000,7.3552,151.6538,12.1323
1270.0000,7.8403,161.6548,12.9324
1271.0000,7.3795,152.1545,12.1724
1272.0000,7.3687,151.9327,12.1546
1273.0000,6.7611,139.4049,11.1524
1274.0000,7.7956,160.7336,12.8587
1275.0000,7.9323,163.5531,13.0842
1276.0000,7.2854,150.2143,12.0171
1277.0000,7.1951,148.3518,11.8681
1278.0000,6.6861,137.8571,11.0286
1279.0000,7.5963,156.6249,12.5300
1280.0000,8.2580,170.2671,13.6214
1281.0000,7.5358,155.3783,12.4303
1282.0000,7.7347,159.4778,12.7582
1283.0000,7.4722,154.0657,12.3253
1284.0000,6.9167,142.6124,11.4090
1285.0000,7.7612,160.0250,12.8020
1286.0000,6.8259,140.7407,11.2593
1287.0000,7.1984,148.4200,11.8736
1288.0000,7.3764,152.0914,12.1673
1289.0000,7.5962,156.6218,12.5297
1290.0000,7.4263,153.1199,12.2496
1291.0000,7.4157,152.9013,12.2321
1292.0000,6.9980,144.2888,11.5431
1293.0000,6.8060,140.3297,11.2264
1294.0000,7.2974,150.4611,12.0369
1295.0000,7.0167,144.6735,11.5739
1296.0000,6.7993,140.1916,11.2153
1297.0000,6.8145,140.5054,11.2404
1298.0000,7.0967,146.3240,11.7059
1299.0000,6.6011,136.1057,10.8885
1300.0000,6.7849,139.8940,11.1915
1301.0000,6.6802,137.7365,11.0189
1302.0000,7.3413,151.3669,12.1094
1303.0000,7.4234,153.0599,12.2448
1304.0000,8.0051,165.0536,13.2043
1305.0000,6.7303,138.7685,11.1015
1306.0000,7.0278,144.9030,11.5922
1307.0000,7.6070,156.8446,12.5476
1308.0000,7.1961,148.3742,11.8699
1309.0000,7.1561,147.5475,11.8038
1310.0000,7.8967,162.8188,13.0255
1311.0000,7.1519,147.4620,11.7970
1312.0000,6.8544,141.3285,11.3063
1313.0000,6.7960,140.1230,11.2098
1314.0000,7.3971,152.5177,12.2014
1315.0000,7.3860,152.2893,12.1831
1316.0000,6.7760,139.7122,11.1770
1317.0000,6.9166,142.6095,11.4088
1318.0000,7.4695,154.0103,12.3208
1319.0000,7.4850,154.3295,12.3464
1320.0000,7.0410,145.1758,11.6141
1321.0000,7.5013,154.6666,12.3733
1322.0000,7.4830,154.2889,12.3431
1323.0000,6.6264,136.6269,10.9302
1324.0000,7.1615,147.6595,11.8128
1325.0000,7.4260,153.1134,12.2491
1326.0000,7.0665,145.7019,11.6562
1327.0000,6.4970,133.9580,10.7166
1328.0000,7.1721,147.8774,11.8302
1329.0000,7.5486,155.6407,12.4513
1330.0000,7.8499,161.8530,12.9482
1331.0000,6.4781,133.5691,10.6855
1332.0000,8.2256,169.5999,13.5680
1333.0000,6.8650,141.5465,11.3237
1334.0000,7.6231,157.1773,12.5742
1335.0000,7.7239,159.2565,12.7405
1336.0000,7.6326,157.3726,12.5898
1337.0000,7.3294,151.1221,12.0898
1338.0000,6.8525,141.2894,11.3031
1339.0000,7.5029,154.6992,12.3759
1340.0000,7.0148,144.6358,11.5709
1341.0000,6.3574,131.0798,10.4864
1342.0000,8.3040,171.2167,13.6973
1343.0000,7.5326,155.3108,12.4249
1344.0000,7.9363,163.6356,13.0908
1345.0000,6.9434,143.1628,11.4530
1346.0000,7.8088,161.0063,12.8805
1347.0000,7.8533,161.9240,12.9539
1348.0000,7.8405,161.6591,12.9327
1349.0000,7.2673,149.8410,11.9873
1350.0000,6.8376,140.9815,11.2785
1351.0000,7.2105,148.6702,11.8936
1352.0000,6.4737,133.4792,10.6783
1353.0000,6.6559,137.2349,10.9788
1354.0000,7.3084,150.6895,12.0552
1355.0000,6.9144,142.5645,11.4052
1356.0000,7.2152,148.7666,11.9013
1357.0000,7.2354,149.1825,11.9346
1358.0000,7.9773,164.4805,13.1584
1359.0000,7.7470,159.7322,12.7786
1360.0000,7.2587,149.6635,11.9731
1361.0000,7.7147,159.0667,12.7253
1362.0000,6.9914,144.1522,11.5322
1363.0000,7.1525,147.4733,11.7979
1364.0000,7.6061,156.8267,12.5461
1365.0000,6.8233,140.6875,11.2550
1366.0000,-3.7390,-77.0924,-6.1674
1367.0000,-4.1180,-84.9063,-6.7925
1368.0000,-3.5948,-74.1190,-5.9295
1369.0000,-3.0437,-62.7561,-5.0205
1370.0000,-3.9111,-80.6407,-6.4513
1371.0000,-3.5553,-73.3059,-5.8645
1372.0000,-3.9639,-81.7299,-6.5384
1373.0000,-4.0556,-83.6216,-6.6897
1374.0000,-4.0870,-84.2689,-6.7415
1375.0000,-3.1083,-64.0894,-5.1271
1376.0000,-2.7782,-57.2817,-4.5825
1377.0000,-3.4618,-71.3772,-5.7102
1378.0000,-3.8981,-80.3722,-6.4298
1379.0000,-3.3811,-69.7133,-5.5771
1380.0000,-3.7591,-77.5074,-6.2006
1381.0000,-3.3460,-68.9895,-5.5192
1382.0000,-3.5317,-72.8175,-5.8254
1383.0000,-3.5358,-72.9022,-5.8322
1384.0000,-3.4166,-70.4454,-5.6356
1385.0000,-3.8483,-79.3462,-6.3477
1386.0000,-3.7846,-78.0328,-6.2426
1387.0000,-4.2636,-87.9093,-7.0327
1388.0000,-3.7982,-78.3140,-6.2651
1389.0000,-4.1549,-85.6675,-6.8534
1390.0000,-3.6901,-76.0851,-6.0868
1391.0000,-3.9858,-82.1822,-6.5746
1392.0000,-3.6007,-74.2407,-5.9393
1393.0000,-3.4726,-71.6007,-5.7281
1394.0000,-4.1541,-85.6509,-6.8521
1395.0000,-3.9333,-81.0996,-6.4880
1396.0000,-3.9806,-82.0748,-6.5660
1397.0000,-3.3660,-69.4013,-5.5521
1398.0000,-3.0168,-62.2023,-4.9762
1399.0000,-3.3278,-68.6135,-5.4891
1400.0000,-3.7646,-77.6206,-6.2097
1401.0000,-3.1046,-64.0125,-5.1210
1402.0000,-4.1883,-86.3558,-6.9085
1403.0000,-3.0921,-63.7548,-5.1004
1404.0000,-3.8762,-79.9216,-6.3937
1405.0000,-4.6488,-95.8522,-7.6682
1406.0000,-2.6733,-55.1190,-4.4095
1407.0000,-3.0635,-63.1648,-5.0532
1408.0000,-4.0128,-82.7391,-6.6191
1409.0000,-3.5760,-73.7324,-5.8986
1410.0000,-3.7155,-76.6087,-6.1287
1411.0000,7.3122,150.7667,12.0613
1412.0000,6.7355,138.8754,11.1100
1413.0000,7.0271,144.8888,11.5911
1414.0000,7.4452,153.5097,12.2808
1415.0000,7.3560,151.6702,12.1336
1416.0000,7.7112,158.9943,12.7195
1417.0000,7.3040,150.5981,12.0479
1418.0000,8.1295,167.6192,13.4095
1419.0000,7.0147,144.6320,11.5706
1420.0000,7.3693,151.9450,12.1556
1421.0000,6.5779,135.6276,10.8502
1422.0000,6.8192,140.6015,11.2481
1423.0000,7.7583,159.9639,12.7971
1424.0000,6.9321,142.9290,11.4343
1425.0000,7.4680,153.9801,12.3184
1426.0000,7.2525,149.5367,11.9629
1427.0000,6.8950,142.1659,11.3733
1428.0000,7.1483,147.3881,11.7911
1429.0000,7.0879,146.1432,11.6915
1430.0000,7.0977,146.3448,11.7076
1431.0000,7.5491,155.6521,12.4522
1432.0000,7.5123,154.8926,12.3914
1433.0000,7.0650,145.6693,11.6535
1434.0000,6.9450,143.1967,11.4557
1435.0000,7.3777,152.1175,12.1694
1436.0000,7.2386,149.2499,11.9400
1437.0000,7.6490,157.7121,12.6170
1438.0000,8.2409,169.9147,13.5932
1439.0000,7.5816,156.3219,12.5058
1440.0000,7.2624,149.7395,11.9792
1441.0000,7.2124,148.7097,11.8968
1442.0000,6.9634,143.5748,11.4860
1443.0000,6.9452,143.2000,11.4560
1444.0000,6.9100,142.4744,11.3980
1445.0000,7.1312,147.0350,11.7628
1446.0000,7.1196,146.7964,11.7437
1447.0000,7.5455,155.5780,12.4462
1448.0000,7.1299,147.0075,11.7606
1449.0000,7.2032,148.5191,11.8815
1450.0000,6.8319,140.8629,11.2690
1451.0000,7.8732,162.3343,12.9867
1452.0000,7.4594,153.8024,12.3042
1453.0000,7.9257,163.4165,13.0733
1454.0000,7.5649,155.9766,12.4781
1455.0000,7.8169,161.1723,12.8938
1456.0000,7.1846,148.1363,11.8509
1457.0000,7.5359,155.3787,12.4303
1458.0000,8.2591,170.2913,13.6233
1459.0000,6.8299,140.8235,11.2659
1460.0000,7.7029,158.8220,12.7058
1461.0000,7.8926,162.7346,13.0188
1462.0000,7.4282,153.1585,12.2527
1463.0000,7.5533,155.7391,12.4591
1464.0000,7.7405,159.5973,12.7678
1465.0000,7.0312,144.9728,11.5978
1466.0000,7.4268,153.1306,12.2504
1467.0000,6.9520,143.3400,11.4672
1468.0000,7.0236,144.8156,11.5853
1469.0000,7.0453,145.2633,11.6211
1470.0000,7.2218,148.9030,11.9122
1471.0000,7.3295,151.1233,12.0899
1472.0000,7.4434,153.4727,12.2778
1473.0000,6.7472,139.1182,11.1295
1474.0000,8.0122,165.2008,13.2161
1475.0000,7.7055,158.8765,12.7101
1476.0000,7.5455,155.5767,12.4461
1477.0000,-3.7708,-77.7490,-6.2199
1478.0000,-3.6707,-75.6848,-6.0548
1479.0000,-3.4334,-70.7913,-5.6633
1480.0000,-3.4842,-71.8392,-5.7471
1481.0000,-4.2635,-87.9080,-7.0326
1482.0000,-3.3613,-69.3054,-5.5444
1483.0000,-2.5505,-52.5881,-4.2071
1484.0000,-4.3262,-89.1997,-7.1360
1485.0000,-3.2666,-67.3524,-5.3882
1486.0000,-3.4998,-72.1612,-5.7729
1487.0000,-3.6791,-75.8581,-6.0686
1488.0000,-3.1257,-64.4474,-5.1558
1489.0000,-4.0789,-84.1020,-6.7282
1490.0000,-3.5767,-73.7468,-5.8997
1491.0000,-3.0912,-63.7353,-5.0988
1492.0000,-3.7110,-76.5157,-6.1213
1493.0000,-3.7936,-78.2195,-6.2576
1494.0000,-3.5946,-74.1152,-5.9292
1495.0000,-3.8036,-78.4257,-6.2741
1496.0000,-3.0594,-63.0812,-5.0465
1497.0000,-3.9765,-81.9889,-6.5591
1498.0000,-3.3112,-68.2730,-5.4618
1499.0000,-4.1055,-84.6501,-6.7720
1500.0000,-3.3874,-69.8432,-5.5875
1501.0000,-3.6767,-75.8085,-6.0647
1502.0000,-4.6033,-94.9137,-7.5931
1503.0000,-3.6397,-75.0461,-6.0037
1504.0000,-4.0365,-83.2259,-6.6581
1505.0000,-3.8037,-78.4259,-6.2741
1506.0000,-3.0622,-63.1384,-5.0511
1507.0000,-4.0553,-83.6144,-6.6891
1508.0000,-4.0340,-83.1746,-6.6540
1509.0000,-3.0988,-63.8934,-5.1115
1510.0000,-3.5941,-74.1060,-5.9285
1511.0000,-3.0611,-63.1145,-5.0492
1512.0000,-3.5165,-72.5054,-5.8004
1513.0000,-3.9674,-81.8030,-6.5442
1514.0000,-3.6623,-75.5113,-6.0409
1515.0000,-3.1777,-65.5190,-5.2415
1516.0000,-3.2856,-67.7437,-5.4195
1517.0000,-3.6372,-74.9932,-5.9995
1518.0000,-3.6193,-74.6239,-5.9699
1519.0000,-3.6796,-75.8678,-6.0694
1520.0000,-3.8538,-79.4600,-6.3568
1521.0000,-2.9151,-60.1059,-4.8085
1522.0000,-3.6348,-74.9446,-5.9956
1523.0000,-4.0605,-83.7218,-6.6977
1524.0000,-3.8159,-78.6781,-6.2943
1525.0000,-3.3658,-69.3989,-5.5519
1526.0000,-3.3976,-70.0533,-5.6043
1527.0000,-3.6888,-76.0575,-6.0846
1528.0000,-3.8875,-80.1544,-6.4124
1529.0000,-3.6286,-74.8156,-5.9853
1530.0000,-4.2634,-87.9052,-7.0324
1531.0000,-4.1244,-85.0383,-6.8031
1532.0000,-3.3387,-68.8395,-5.5072
1533.0000,-3.8167,-78.6958,-6.2957
1534.0000,-3.4973,-72.1089,-5.7687
1535.0000,-3.1819,-65.6056,-5.2484
1536.0000,-3.3945,-69.9907,-5.5993
1537.0000,-3.6298,-74.8411,-5.9873
1538.0000,-2.8416,-58.5901,-4.6872
1539.0000,-3.3878,-69.8513,-5.5881
1540.0000,2.7774,57.2665,4.5813
1541.0000,3.1838,65.6452,5.2516
1542.0000,3.0625,63.1451,5.0516
1543.0000,2.5899,53.4001,4.2720
1544.0000,2.9373,60.5626,4.8450
1545.0000,2.8483,58.7278,4.6982
1546.0000,2.1747,44.8384,3.5871
1547.0000,2.8455,58.6706,4.6936
1548.0000,2.8041,57.8171,4.6254
1549.0000,2.7461,56.6202,4.5296
1550.0000,2.2949,47.3168,3.7853
1551.0000,2.7774,57.2651,4.5812
1552.0000,2.8952,59.6940,4.7755
1553.0000,2.9481,60.7860,4.8629
1554.0000,2.4854,51.2448,4.0996
1555.0000,3.1465,64.8767,5.1901
1556.0000,2.4554,50.6275,4.0502
1557.0000,2.8263,58.2747,4.6620
1558.0000,3.3980,70.0624,5.6050
1559.0000,2.6511,54.6618,4.3729
1560.0000,2.7190,56.0625,4.4850
1561.0000,3.3113,68.2751,5.4620
1562.0000,2.7664,57.0396,4.5632
1563.0000,2.7990,57.7106,4.6168
1564.0000,2.9927,61.7052,4.9364
1565.0000,3.3023,68.0881,5.4471
1566.0000,2.0862,43.0153,3.4412
1567.0000,2.6004,53.6162,4.2893
1568.0000,2.5336,52.2381,4.1791
1569.0000,2.5046,51.6419,4.1314
1570.0000,2.5907,53.4166,4.2733
1571.0000,2.5966,53.5384,4.2831
1572.0000,3.0225,62.3191,4.9855
1573.0000,2.5782,53.1590,4.2527
1574.0000,2.9557,60.9419,4.8754
1575.0000,3.0597,63.0857,5.0469
1576.0000,2.6379,54.3896,4.3512
1577.0000,2.9587,61.0041,4.8803
1578.0000,3.5202,72.5814,5.8065
1579.0000,3.0301,62.4754,4.9980
1580.0000,2.6725,55.1027,4.4082
1581.0000,2.8858,59.5011,4.7601
1582.0000,2.5688,52.9654,4.2372
1583.0000,3.0108,62.0785,4.9663
1584.0000,3.2310,66.6184,5.3295
1585.0000,2.6052,53.7154,4.2972
1586.0000,2.8322,58.3954,4.6716
1587.0000,3.3237,68.5297,5.4824
1588.0000,2.7250,56.1864,4.4949
1589.0000,2.9799,61.4408,4.9153
1590.0000,2.5295,52.1540,4.1723
1591.0000,2.6056,53.7241,4.2979
1592.0000,2.7196,56.0740,4.4859
1593.0000,3.7016,76.3224,6.1058
1594.0000,2.7612,56.9321,4.5546
1595.0000,7.0822,146.0253,11.6820
1596.0000,7.0701,145.7760,11.6621
1597.0000,7.2148,148.7580,11.9006
1598.0000,7.5136,154.9195,12.3936
1599.0000,7.3439,151.4212,12.1137
1600.0000,8.0235,165.4336,13.2347
1601.0000,7.3528,151.6035,12.1283
1602.0000,7.8015,160.8555,12.8684
1603.0000,7.3757,152.0753,12.1660
1604.0000,7.4953,154.5419,12.3633
1605.0000,6.7499,139.1730,11.1338
1606.0000,7.2288,149.0471,11.9238
1607.0000,7.2499,149.4829,11.9586
1608.0000,7.1866,148.1778,11.8542
1609.0000,6.4919,133.8534,10.7083
1610.0000,7.5953,156.6047,12.5284
1611.0000,7.1342,147.0964,11.7677
1612.0000,7.1157,146.7145,11.7372
1613.0000,7.1822,148.0862,11.8469
1614.0000,7.1920,148.2894,11.8632
1615.0000,7.4231,153.0532,12.2443
1616.0000,6.8127,140.4673,11.2374
1617.0000,2.5713,53.0172,4.2414
1618.0000,3.0157,62.1797,4.9744
1619.0000,2.9630,61.0919,4.8873
1620.0000,2.7730,57.1751,4.5740
1621.0000,2.7012,55.6957,4.4557
1622.0000,2.6065,53.7418,4.2993
1623.0000,2.8888,59.5623,4.7650
1624.0000,3.3395,68.8555,5.5084
1625.0000,2.5251,52.0646,4.1652
1626.0000,3.4641,71.4249,5.7140
1627.0000,3.2170,66.3299,5.3064
1628.0000,2.7452,56.6028,4.5282
1629.0000,3.1948,65.8731,5.2698
1630.0000,2.3768,49.0057,3.9205
1631.0000,2.2801,47.0132,3.7611
1632.0000,2.4408,50.3266,4.0261
1633.0000,2.7610,56.9269,4.5542
1634.0000,2.7916,57.5594,4.6048
1635.0000,2.7226,56.1364,4.4909
1636.0000,2.9462,60.7457,4.8597
1637.0000,2.1333,43.9863,3.5189
1638.0000,3.0902,63.7151,5.0972
1639.0000,2.3937,49.3552,3.9484
1640.0000,2.6696,55.0436,4.4035
1641.0000,2.7598,56.9036,4.5523
1642.0000,2.4894,51.3284,4.1063
1643.0000,2.4113,49.7175,3.9774
1644.0000,2.5440,52.4544,4.1964
1645.0000,2.9057,59.9106,4.7928
1646.0000,3.1246,64.4249,5.1540
1647.0000,3.1152,64.2318,5.1385
1648.0000,2.5483,52.5413,4.2033
1649.0000,2.6221,54.0632,4.3251
1650.0000,2.5751,53.0955,4.2476
1651.0000,3.0736,63.3736,5.0699
1652.0000,2.1689,44.7193,3.5775
1653.0000,3.3604,69.2875,5.5430
1654.0000,2.7337,56.3640,4.5091
1655.0000,2.6250,54.1236,4.3299
1656.0000,3.0335,62.5459,5.0037
1657.0000,3.2856,67.7446,5.4196
1658.0000,3.0346,62.5694,5.0055
1659.0000,3.2929,67.8956,5.4316
1660.0000,2.9589,61.0077,4.8806
1661.0000,3.3573,69.2223,5.5378
1662.0000,3.3629,69.3387,5.5471
1663.0000,2.8738,59.2539,4.7403
1664.0000,3.4335,70.7940,5.6635
1665.0000,2.9699,61.2355,4.8988
1666.0000,2.9416,60.6517,4.8521
1667.0000,2.5748,53.0889,4.2471
1668.0000,2.8050,57.8341,4.6267
1669.0000,3.1928,65.8319,5.2665
1670.0000,2.4325,50.1551,4.0124
1671.0000,3.1463,64.8722,5.1898
1672.0000,3.0368,62.6146,5.0092
1673.0000,3.0110,62.0817,4.9665
1674.0000,2.1074,43.4513,3.4761
1675.0000,2.8724,59.2257,4.7381
1676.0000,3.1458,64.8620,5.1890
1677.0000,2.6325,54.2778,4.3422
1678.0000,2.9428,60.6773,4.8542
1679.0000,2.0450,42.1645,3.3732
1680.0000,3.1542,65.0354,5.2028
1681.0000,2.6690,55.0318,4.4025
1682.0000,3.2270,66.5352,5.3228
1683.0000,2.2397,46.1791,3.6943
1684.0000,3.1618,65.1920,5.2154
1685.0000,2.8238,58.2230,4.6578
1686.0000,3.2038,66.0570,5.2846
1687.0000,2.5733,53.0572,4.2446
1688.0000,-3.8625,-79.6384,-6.3711
1689.0000,-2.8218,-58.1816,-4.6545
1690.0000,-3.9394,-81.2246,-6.4980
1691.0000,-3.8943,-80.2952,-6.4236
1692.0000,-3.7381,-77.0744,-6.1659
1693.0000,-4.0095,-82.6692,-6.6135
1694.0000,-3.2045,-66.0716,-5.2857
1695.0000,-3.0100,-62.0624,-4.9650
1696.0000,-3.8936,-80.2808,-6.4225
1697.0000,-4.2653,-87.9452,-7.0356
1698.0000,-3.2112,-66.2102,-5.2968
1699.0000,-3.2343,-66.6871,-5.3350
1700.0000,-3.3386,-68.8376,-5.5070
1701.0000,-3.2168,-66.3262,-5.3061
1702.0000,-3.9531,-81.5064,-6.5205
1703.0000,-3.6988,-76.2637,-6.1011
1704.0000,-4.1410,-85.3808,-6.8305
1705.0000,-4.1534,-85.6362,-6.8509
1706.0000,-3.2806,-67.6417,-5.4113
1707.0000,-3.8819,-80.0393,-6.4031
1708.0000,-2.8083,-57.9032,-4.6323
1709.0000,-3.6105,-74.4436,-5.9555
1710.0000,-3.8705,-79.8032,-6.3843
1711.0000,-3.3473,-69.0159,-5.5213
1712.0000,-2.9823,-61.4905,-4.9192
1713.0000,-3.4607,-71.3540,-5.7083
1714.0000,-4.0802,-84.1286,-6.7303
1715.0000,-3.5025,-72.2175,-5.7774
1716.0000,-3.1371,-64.6830,-5.1746
1717.0000,-3.8169,-78.6993,-6.2959
1718.0000,-3.9189,-80.8023,-6.4642
1719.0000,-3.2678,-67.3766,-5.3901
1720.0000,-3.5866,-73.9502,-5.9160
1721.0000,-4.0385,-83.2691,-6.6615
1722.0000,-3.7756,-77.8481,-6.2278
1723.0000,-3.9124,-80.6675,-6.4534
1724.0000,-3.5297,-72.7780,-5.8222
1725.0000,-3.5976,-74.1774,-5.9342
1726.0000,-3.2190,-66.3716,-5.3097
1727.0000,-3.3794,-69.6775,-5.5742
1728.0000,-4.2062,-86.7265,-6.9381
1729.0000,-3.4895,-71.9476,-5.7558
1730.0000,-3.3112,-68.2730,-5.4618
1731.0000,-3.4717,-71.5809,-5.7265
1732.0000,-3.2628,-67.2746,-5.3820
1733.0000,-3.8374,-79.1218,-6.3297
1734.0000,-3.9834,-82.1312,-6.5705
1735.0000,-3.2992,-68.0245,-5.4420
1736.0000,-4.0251,-82.9910,-6.6393
1737.0000,-4.4230,-91.1965,-7.2957
1738.0000,-3.2645,-67.3103,-5.3848
1739.0000,-3.9009,-80.4314,-6.4345
1740.0000,-3.7488,-77.2955,-6.1836
1741.0000,-4.1460,-85.4848,-6.8388
1742.0000,-4.1197,-84.9415,-6.7953
1743.0000,-4.0582,-83.6744,-6.6940
1744.0000,-3.7687,-77.7049,-6.2164
1745.0000,-3.5029,-72.2250,-5.7780
1746.0000,-4.4733,-92.2336,-7.3787
1747.0000,-3.3639,-69.3587,-5.5487
1748.0000,-4.0675,-83.8650,-6.7092
1749.0000,-4.0254,-82.9973,-6.6398
1750.0000,-3.3909,-69.9161,-5.5933
1751.0000,-3.6646,-75.5598,-6.0448
1752.0000,-4.1964,-86.5233,-6.9219
1753.0000,-2.9665,-61.1656,-4.8932
1754.0000,-3.9506,-81.4547,-6.5164
1755.0000,-3.5475,-73.1451,-5.8516
1756.0000,-3.5648,-73.5008,-5.8801
1757.0000,-3.1241,-64.4150,-5.1532
1758.0000,2.7443,56.5825,4.5266
1759.0000,3.2767,67.5607,5.4049
1760.0000,2.6401,54.4358,4.3549
1761.0000,3.3182,68.4160,5.4733
1762.0000,2.6325,54.2776,4.3422
1763.0000,2.7782,57.2834,4.5827
1764.0000,3.5997,74.2197,5.9376
1765.0000,3.0253,62.3773,4.9902
1766.0000,2.9499,60.8232,4.8659
1767.0000,3.7255,76.8154,6.1452
1768.0000,3.0414,62.7102,5.0168
1769.0000,2.6131,53.8790,4.3103
1770.0000,3.1772,65.5097,5.2408
1771.0000,2.4802,51.1374,4.0910
1772.0000,3.3204,68.4624,5.4770
1773.0000,3.3487,69.0448,5.5236
1774.0000,2.7016,55.7028,4.4562
1775.0000,2.6816,55.2907,4.4233
1776.0000,2.9742,61.3238,4.9059
1777.0000,2.9151,60.1062,4.8085
1778.0000,2.5544,52.6673,4.2134
1779.0000,3.1166,64.2607,5.1409
1780.0000,2.1673,44.6859,3.5749
1781.0000,2.7525,56.7536,4.5403
1782.0000,2.7631,56.9704,4.5576
1783.0000,2.8106,57.9505,4.6360
1784.0000,3.0218,62.3042,4.9843
1785.0000,2.4633,50.7898,4.0632
1786.0000,3.1241,64.4139,5.1531
1787.0000,2.8445,58.6488,4.6919
1788.0000,2.6735,55.1234,4.4099
1789.0000,2.4128,49.7488,3.9799
1790.0000,2.4796,51.1267,4.0901
1791.0000,3.0411,62.7024,5.0162
1792.0000,2.5594,52.7711,4.2217
1793.0000,2.9334,60.4815,4.8385
1794.0000,3.2963,67.9649,5.4372
1795.0000,3.2856,67.7448,5.4196
1796.0000,3.4776,71.7030,5.7362
1797.0000,2.8022,57.7778,4.6222
1798.0000,2.5153,51.8614,4.1489
1799.0000,3.2812,67.6539,5.4123
